username,firstname,lastname,email,password,cohort1
director.silva,Marta,Silva,marta.silva@aicda.edu,AiCda2026!,directors
admin.rossi,Giulia,Rossi,giulia.rossi@aicda.edu,AiCda2026!,admin_staff
admin.bianchi,Marco,Bianchi,marco.bianchi@aicda.edu,AiCda2026!,admin_staff
inst.turing,Alan,Turing,alan.turing@aicda.edu,AiCda2026!,instructors
inst.hopper,Grace,Hopper,grace.hopper@aicda.edu,AiCda2026!,instructors
inst.shamir,Adi,Shamir,adi.shamir@aicda.edu,AiCda2026!,instructors
inst.mitnick,Kevin,Mitnick,kevin.mitnick@aicda.edu,AiCda2026!,instructors
inst.zhang,Wei,Zhang,wei.zhang@aicda.edu,AiCda2026!,instructors
ai.001,Lucas,Garcia,lucas.garcia@student.aicda.edu,AiCda2026!,ai_students
ai.002,Sofia,Martinez,sofia.martinez@student.aicda.edu,AiCda2026!,ai_students
ai.003,Aiden,Brown,aiden.brown@student.aicda.edu,AiCda2026!,ai_students
ai.004,Emma,Wilson,emma.wilson@student.aicda.edu,AiCda2026!,ai_students
ai.005,Noah,Johnson,noah.johnson@student.aicda.edu,AiCda2026!,ai_students
ai.006,Olivia,Davis,olivia.davis@student.aicda.edu,AiCda2026!,ai_students
ai.007,Liam,Miller,liam.miller@student.aicda.edu,AiCda2026!,ai_students
ai.008,Ava,Anderson,ava.anderson@student.aicda.edu,AiCda2026!,ai_students
ai.009,Mateo,Lopez,mateo.lopez@student.aicda.edu,AiCda2026!,ai_students
ai.010,Isabella,Romano,isabella.romano@student.aicda.edu,AiCda2026!,ai_students
ai.011,Ethan,Taylor,ethan.taylor@student.aicda.edu,AiCda2026!,ai_students
ai.012,Mia,Conti,mia.conti@student.aicda.edu,AiCda2026!,ai_students
ai.013,Hiroshi,Tanaka,hiroshi.tanaka@student.aicda.edu,AiCda2026!,ai_students
ai.014,Yuki,Suzuki,yuki.suzuki@student.aicda.edu,AiCda2026!,ai_students
ai.015,Priya,Sharma,priya.sharma@student.aicda.edu,AiCda2026!,ai_students
ai.016,Arjun,Patel,arjun.patel@student.aicda.edu,AiCda2026!,ai_students
ai.017,Chloe,Dubois,chloe.dubois@student.aicda.edu,AiCda2026!,ai_students
ai.018,Lucas,Moreau,lucas.moreau@student.aicda.edu,AiCda2026!,ai_students
ai.019,Anna,Schmidt,anna.schmidt@student.aicda.edu,AiCda2026!,ai_students
ai.020,Felix,Mueller,felix.mueller@student.aicda.edu,AiCda2026!,ai_students
ai.021,Maya,Singh,maya.singh@student.aicda.edu,AiCda2026!,ai_students
ai.022,Carlos,Reyes,carlos.reyes@student.aicda.edu,AiCda2026!,ai_students
ai.023,Valentina,Costa,valentina.costa@student.aicda.edu,AiCda2026!,ai_students
ai.024,Diego,Hernandez,diego.hernandez@student.aicda.edu,AiCda2026!,ai_students
ai.025,Lara,Petrov,lara.petrov@student.aicda.edu,AiCda2026!,ai_students
ai.026,Ivan,Volkov,ivan.volkov@student.aicda.edu,AiCda2026!,ai_students
ai.027,Nora,Andersen,nora.andersen@student.aicda.edu,AiCda2026!,ai_students
ai.028,Henrik,Larsen,henrik.larsen@student.aicda.edu,AiCda2026!,ai_students
ai.029,Layla,Hassan,layla.hassan@student.aicda.edu,AiCda2026!,ai_students
ai.030,Omar,Khaled,omar.khaled@student.aicda.edu,AiCda2026!,ai_students
ai.031,Zara,Ahmed,zara.ahmed@student.aicda.edu,AiCda2026!,ai_students
ai.032,Min-Jun,Park,minjun.park@student.aicda.edu,AiCda2026!,ai_students
ai.033,Seo-Yeon,Kim,seoyeon.kim@student.aicda.edu,AiCda2026!,ai_students
ai.034,Bruno,Esposito,bruno.esposito@student.aicda.edu,AiCda2026!,ai_students
cy.001,Ada,Lovelace,ada.lovelace@student.aicda.edu,AiCda2026!,cyber_students
cy.002,Bruce,Schneier,bruce.schneier@student.aicda.edu,AiCda2026!,cyber_students
cy.003,Linus,Torres,linus.torres@student.aicda.edu,AiCda2026!,cyber_students
cy.004,Mara,Lupo,mara.lupo@student.aicda.edu,AiCda2026!,cyber_students
cy.005,Hugo,Ferrari,hugo.ferrari@student.aicda.edu,AiCda2026!,cyber_students
cy.006,Iris,Rinaldi,iris.rinaldi@student.aicda.edu,AiCda2026!,cyber_students
cy.007,Theo,Marino,theo.marino@student.aicda.edu,AiCda2026!,cyber_students
cy.008,Greta,Galli,greta.galli@student.aicda.edu,AiCda2026!,cyber_students
cy.009,Jonas,Weber,jonas.weber@student.aicda.edu,AiCda2026!,cyber_students
cy.010,Pia,Schulz,pia.schulz@student.aicda.edu,AiCda2026!,cyber_students
cy.011,Daniel,Becker,daniel.becker@student.aicda.edu,AiCda2026!,cyber_students
cy.012,Eva,Hoffmann,eva.hoffmann@student.aicda.edu,AiCda2026!,cyber_students
cy.013,Pablo,Ortega,pablo.ortega@student.aicda.edu,AiCda2026!,cyber_students
cy.014,Lucia,Vega,lucia.vega@student.aicda.edu,AiCda2026!,cyber_students
cy.015,Ramon,Castro,ramon.castro@student.aicda.edu,AiCda2026!,cyber_students
cy.016,Inma,Soler,inma.soler@student.aicda.edu,AiCda2026!,cyber_students
cy.017,Jin,Wang,jin.wang@student.aicda.edu,AiCda2026!,cyber_students
cy.018,Mei,Li,mei.li@student.aicda.edu,AiCda2026!,cyber_students
cy.019,Haruki,Sato,haruki.sato@student.aicda.edu,AiCda2026!,cyber_students
cy.020,Rin,Watanabe,rin.watanabe@student.aicda.edu,AiCda2026!,cyber_students
cy.021,Vikram,Iyer,vikram.iyer@student.aicda.edu,AiCda2026!,cyber_students
cy.022,Aisha,Khan,aisha.khan@student.aicda.edu,AiCda2026!,cyber_students
cy.023,Tariq,Aziz,tariq.aziz@student.aicda.edu,AiCda2026!,cyber_students
cy.024,Yasmin,Farouk,yasmin.farouk@student.aicda.edu,AiCda2026!,cyber_students
cy.025,Sven,Eriksson,sven.eriksson@student.aicda.edu,AiCda2026!,cyber_students
cy.026,Astrid,Olsen,astrid.olsen@student.aicda.edu,AiCda2026!,cyber_students
cy.027,Mikhail,Sokolov,mikhail.sokolov@student.aicda.edu,AiCda2026!,cyber_students
cy.028,Nadia,Popov,nadia.popov@student.aicda.edu,AiCda2026!,cyber_students
cy.029,Aleks,Novak,aleks.novak@student.aicda.edu,AiCda2026!,cyber_students
cy.030,Ivana,Horvat,ivana.horvat@student.aicda.edu,AiCda2026!,cyber_students
cy.031,Ramses,El-Sayed,ramses.elsayed@student.aicda.edu,AiCda2026!,cyber_students
cy.032,Layan,Mansour,layan.mansour@student.aicda.edu,AiCda2026!,cyber_students
cy.033,Joon,Choi,joon.choi@student.aicda.edu,AiCda2026!,cyber_students
df.001,Sara,Ricci,sara.ricci@student.aicda.edu,AiCda2026!,forensics_students
df.002,Enzo,Greco,enzo.greco@student.aicda.edu,AiCda2026!,forensics_students
df.003,Chiara,Lombardi,chiara.lombardi@student.aicda.edu,AiCda2026!,forensics_students
df.004,Matteo,Fontana,matteo.fontana@student.aicda.edu,AiCda2026!,forensics_students
df.005,Alessia,Barbieri,alessia.barbieri@student.aicda.edu,AiCda2026!,forensics_students
df.006,Riccardo,Caruso,riccardo.caruso@student.aicda.edu,AiCda2026!,forensics_students
df.007,Sergio,Moretti,sergio.moretti@student.aicda.edu,AiCda2026!,forensics_students
df.008,Beatrice,Russo,beatrice.russo@student.aicda.edu,AiCda2026!,forensics_students
df.009,Tomas,Novak,tomas.novak@student.aicda.edu,AiCda2026!,forensics_students
df.010,Klara,Svoboda,klara.svoboda@student.aicda.edu,AiCda2026!,forensics_students
df.011,Petra,Dvorak,petra.dvorak@student.aicda.edu,AiCda2026!,forensics_students
df.012,Andre,Dias,andre.dias@student.aicda.edu,AiCda2026!,forensics_students
df.013,Beatriz,Almeida,beatriz.almeida@student.aicda.edu,AiCda2026!,forensics_students
df.014,Joao,Pinto,joao.pinto@student.aicda.edu,AiCda2026!,forensics_students
df.015,Catarina,Sousa,catarina.sousa@student.aicda.edu,AiCda2026!,forensics_students
df.016,Mehmet,Yilmaz,mehmet.yilmaz@student.aicda.edu,AiCda2026!,forensics_students
df.017,Elif,Demir,elif.demir@student.aicda.edu,AiCda2026!,forensics_students
df.018,Aylin,Kaya,aylin.kaya@student.aicda.edu,AiCda2026!,forensics_students
df.019,Naomi,Cohen,naomi.cohen@student.aicda.edu,AiCda2026!,forensics_students
df.020,Eli,Levi,eli.levi@student.aicda.edu,AiCda2026!,forensics_students
df.021,Rafael,Mendes,rafael.mendes@student.aicda.edu,AiCda2026!,forensics_students
df.022,Camila,Souza,camila.souza@student.aicda.edu,AiCda2026!,forensics_students
df.023,Mateusz,Kowalski,mateusz.kowalski@student.aicda.edu,AiCda2026!,forensics_students
df.024,Zofia,Nowak,zofia.nowak@student.aicda.edu,AiCda2026!,forensics_students
df.025,Erik,Lindholm,erik.lindholm@student.aicda.edu,AiCda2026!,forensics_students
df.026,Saga,Bergstrom,saga.bergstrom@student.aicda.edu,AiCda2026!,forensics_students
df.027,Aiko,Nakamura,aiko.nakamura@student.aicda.edu,AiCda2026!,forensics_students
df.028,Daichi,Yoshida,daichi.yoshida@student.aicda.edu,AiCda2026!,forensics_students
df.029,Selene,Marchetti,selene.marchetti@student.aicda.edu,AiCda2026!,forensics_students
df.030,Davide,Bruno,davide.bruno@student.aicda.edu,AiCda2026!,forensics_students
df.031,Esme,Laurent,esme.laurent@student.aicda.edu,AiCda2026!,forensics_students
df.032,Hugo,Bernard,hugo.bernard@student.aicda.edu,AiCda2026!,forensics_students
df.033,Yara,Costa,yara.costaprata@student.aicda.edu,AiCda2026!,forensics_students
